,num_points,num_experiments,time
0,2,1,0.013792
1,4,1,0.012292
2,8,1,0.020417
3,16,1,0.01975
4,32,1,0.025125
5,64,1,0.038875
6,128,1,0.075875
7,256,1,0.144708
8,512,1,0.297583
9,1024,1,0.723667
10,2048,1,1.52662
11,4096,1,3.51079
12,8192,1,7.65571
13,16384,1,17.2876
14,32768,1,38.9346
15,65536,1,86.2171
16,131072,1,189.506
17,262144,1,415.594
18,524288,1,914.081
19,1048576,1,2001.13
