,num_points,num_experiments,time
0,2,1,5.7e-05
1,4,1,1.3e-05
2,8,1,1.7e-05
3,16,1,1.6e-05
4,32,1,2.7e-05
5,64,1,3.8e-05
6,128,1,6.8e-05
7,256,1,0.000137
8,512,1,0.000315
9,1024,1,0.00067
10,2048,1,0.001622
11,4096,1,0.00346
12,8192,1,0.007753
13,16384,1,0.017127
14,32768,1,0.039279
15,65536,1,0.086402
16,131072,1,0.189741
17,262144,1,0.421613
18,524288,1,0.923365
19,1048576,1,2.0177
